pts, length, steps, init_time, run_time, stacks, stack_items, error_items
120, 235, 119, 0.281034, 0.096447, 7, 51, 9
296, 1330, 56, 2.276719, 0.426439, 7, 30, 4
290, 1598, 81, 2.596351, 0.161746, 7, 25, 8
19, 23, 19, 0.010263, 0.002605, 6, 10, 2
160, 409, 167, 0.483888, 0.006778, 7, 92, 9
162, 252, 10000, 0.146146, 0.147393, 7, 3387, 11
26, 30, 24, 0.022624, 0.002747, 7, 12, 4
121, 219, 125, 0.276862, 0.073341, 7, 30, 9
305, 1707, 10000, 3.104951, 0.310093, 7, 3456, 7
226, 1140, 1462, 1.856617, 0.483843, 7, 234, 5
274, 1601, 193, 2.738308, 0.83008, 7, 66, 7
38, 51, 41, 0.0218, 0.001206, 7, 24, 5
115, 231, 21, 0.234933, 0.00024, 6, 9, 1
155, 266, 145, 0.24974, 0.032466, 7, 56, 9
256, 1373, 6, 2.284339, 0.00014, 2, 1, 0
158, 512, 183, 0.780975, 0.006369, 7, 57, 7
42, 49, 46, 0.01737, 0.119662, 7, 25, 10
201, 813, 10000, 1.191428, 0.077861, 6, 3405, 1
177, 523, 910, 0.77487, 0.206822, 7, 239, 114
109, 166, 54, 0.09346, 0.153963, 7, 22, 1
220, 845, 279, 1.246072, 0.332371, 7, 98, 4
54, 90, 62, 0.063805, 0.008195, 7, 31, 4
43, 47, 10000, 0.013739, 0.168067, 6, 2522, 2
304, 1665, 1147, 2.631695, 0.288252, 7, 353, 2
68, 109, 520, 0.06414, 0.024193, 7, 113, 94
157, 326, 249, 0.367913, 0.143926, 7, 60, 8
300, 1151, 1068, 1.68887, 0.343316, 7, 251, 10
118, 257, 322, 0.248064, 0.156499, 7, 52, 9
291, 1354, 868, 2.128392, 0.954211, 7, 231, 10
153, 294, 184, 0.286891, 0.048695, 7, 58, 4
66, 89, 18, 0.03623, 0.00028, 7, 11, 3
189, 429, 10000, 0.488895, 0.242457, 7, 73, 1
150, 273, 138, 0.236045, 0.068407, 7, 48, 3
159, 332, 10000, 0.324169, 0.184929, 7, 3396, 2
286, 1705, 783, 2.831778, 0.726276, 7, 220, 7
251, 1177, 10000, 1.821024, 5.082641, 7, 3001, 83
235, 930, 10000, 1.461835, 0.550922, 7, 2565, 5
117, 283, 38, 0.391858, 0.000552, 7, 16, 2
182, 525, 950, 0.687713, 6.176811, 7, 170, 5
16, 20, 18, 0.007111, 0.000261, 6, 11, 4
235, 616, 949, 0.755146, 0.338412, 7, 177, 10
42, 62, 56, 0.028574, 0.00078, 7, 26, 2
65, 94, 83, 0.055217, 0.052092, 7, 33, 5
222, 671, 10000, 0.96248, 0.274173, 7, 146, 4
130, 288, 517, 0.372772, 0.077616, 7, 101, 62
216, 559, 50, 0.651186, 0.000735, 7, 22, 5
156, 371, 201, 0.449839, 0.07518, 7, 57, 7
165, 426, 2628, 0.54844, 0.386144, 7, 566, 461
24, 30, 30, 0.013394, 0.117303, 6, 10, 2
169, 379, 520, 0.38793, 0.243692, 7, 175, 3
135, 314, 189, 0.348932, 0.064179, 7, 61, 12
128, 214, 167, 0.215734, 0.100095, 7, 53, 5
199, 634, 10000, 0.852664, 0.293522, 7, 3357, 6
25, 34, 32, 0.029464, 0.097601, 7, 10, 2
13, 15, 16, 0.006689, 0.000285, 6, 7, 1
183, 356, 700, 0.328106, 1.687914, 7, 165, 91
66, 92, 82, 0.056843, 0.21036, 7, 25, 5
189, 524, 253, 0.711074, 0.13918, 7, 90, 8
220, 630, 454, 0.842744, 0.528982, 7, 177, 5
152, 466, 211, 0.69675, 0.055013, 7, 80, 3
167, 406, 45, 0.484897, 0.047073, 7, 18, 2
174, 336, 149, 0.361397, 0.149813, 7, 48, 6
28, 32, 35, 0.010761, 0.095244, 7, 13, 4
287, 965, 684, 1.546275, 0.10515, 7, 182, 4
95, 169, 1057, 0.152902, 0.02871, 7, 196, 7
171, 421, 10000, 0.489191, 0.370215, 7, 73, 14
290, 1484, 1554, 2.441568, 0.843313, 7, 248, 8
88, 147, 131, 0.096897, 0.011012, 7, 51, 5
15, 14, 19, 0.00623, 0.000574, 7, 12, 6
135, 268, 194, 0.31667, 0.099638, 7, 77, 5
307, 1880, 319, 3.215583, 1.155919, 7, 100, 9
149, 283, 200, 0.263922, 0.172659, 7, 73, 8
207, 533, 856, 0.670108, 0.174695, 7, 301, 9
79, 115, 129, 0.125688, 0.001403, 7, 45, 6
308, 1906, 10000, 3.371125, 0.274133, 7, 1554, 1320
117, 237, 10000, 0.211528, 0.224791, 7, 2557, 1
274, 1058, 48, 1.662309, 0.098035, 6, 22, 3
98, 196, 179, 0.184355, 0.00402, 7, 63, 5
86, 126, 130, 0.133309, 0.049649, 7, 32, 4
258, 1272, 7, 2.020394, 0.000241, 5, 3, 2
37, 42, 25, 0.013245, 0.000337, 6, 11, 2
271, 711, 754, 0.906554, 0.765678, 7, 172, 20
206, 384, 270, 0.399993, 0.594773, 7, 86, 4
264, 1744, 978, 3.320363, 2.64421, 7, 267, 33
27, 37, 29, 0.025151, 0.000392, 7, 16, 3
305, 1526, 598, 2.50267, 1.076564, 7, 112, 16
158, 265, 10000, 0.254503, 0.214841, 7, 2529, 4
68, 106, 109, 0.061896, 0.00412, 6, 39, 4
202, 732, 248, 1.171709, 0.402512, 7, 86, 5
49, 73, 63, 0.035174, 0.057165, 6, 27, 3
189, 805, 37, 1.353827, 0.005864, 6, 15, 0
132, 282, 157, 0.290187, 0.097302, 7, 58, 5
59, 89, 74, 0.043725, 0.001098, 7, 32, 3
75, 116, 443, 0.128012, 0.046094, 7, 104, 6
58, 100, 76, 0.067865, 0.009344, 7, 37, 5
64, 76, 373, 0.023271, 0.084857, 7, 129, 69
28, 39, 34, 0.020443, 0.001015, 6, 14, 1
31, 38, 43, 0.015007, 0.000509, 6, 13, 1
196, 711, 266, 1.057742, 0.204405, 7, 97, 6
293, 2249, 29, 4.061268, 0.000415, 7, 10, 1
272, 1762, 10000, 2.99015, 0.430863, 7, 3402, 3258
302, 1655, 10000, 2.79729, 0.373642, 7, 4049, 9
103, 171, 160, 0.129649, 0.160163, 7, 46, 2
84, 128, 167, 0.078489, 0.119482, 7, 45, 9
104, 216, 152, 0.21661, 0.179202, 7, 58, 6
75, 127, 115, 0.087974, 0.003912, 7, 44, 6
248, 965, 10000, 1.518515, 1.068032, 7, 3277, 3071
78, 112, 136, 0.051254, 0.010956, 7, 44, 8
73, 98, 10000, 0.049416, 0.220347, 6, 3336, 2
262, 1450, 10000, 2.454514, 0.924337, 7, 3408, 4
35, 46, 47, 0.0307, 0.000659, 7, 21, 6
66, 106, 336, 0.063015, 0.055936, 7, 79, 5
256, 610, 347, 0.719641, 0.705317, 7, 92, 7
61, 94, 323, 0.121958, 0.061182, 6, 26, 0
42, 54, 51, 0.030795, 0.153662, 6, 19, 1
272, 1475, 10000, 2.535557, 0.531927, 7, 3417, 4
207, 544, 59, 0.64458, 0.235617, 6, 22, 1
244, 1189, 2476, 1.903763, 2.194149, 7, 492, 59
15, 22, 20, 0.011504, 0.000217, 6, 12, 2
251, 1083, 10000, 1.803089, 0.306187, 7, 2597, 7
202, 635, 10000, 0.830854, 0.346427, 7, 2897, 11
171, 445, 506, 0.517999, 0.347107, 7, 170, 56
73, 103, 513, 0.110287, 0.028504, 6, 109, 83
188, 502, 10000, 0.682716, 0.390917, 7, 1715, 5
174, 327, 230, 0.374995, 0.119522, 7, 44, 13
171, 538, 607, 0.716227, 0.461726, 7, 191, 4
164, 390, 79, 0.44941, 0.106273, 7, 35, 5
183, 342, 247, 0.302336, 0.225655, 7, 92, 10
223, 521, 301, 0.610327, 0.313821, 7, 113, 7
89, 182, 131, 0.160919, 0.129604, 7, 51, 9
229, 975, 10000, 1.596409, 0.682264, 7, 2008, 5
109, 225, 181, 0.261023, 0.009851, 7, 64, 10
99, 277, 115, 0.320527, 0.031498, 7, 50, 8
58, 76, 72, 0.032097, 0.171283, 5, 27, 0
224, 989, 1138, 1.54926, 0.912294, 7, 237, 8
48, 65, 65, 0.031573, 0.008445, 7, 30, 6
132, 209, 199, 0.165429, 0.391005, 7, 71, 3
83, 141, 102, 0.139983, 0.001335, 7, 42, 10
134, 308, 10000, 0.324609, 0.350758, 6, 3363, 3291
87, 133, 10000, 0.129265, 0.165137, 6, 2535, 1
216, 1048, 489, 1.68685, 0.68586, 7, 156, 11
202, 571, 10000, 0.800342, 0.069691, 5, 3424, 833
123, 272, 592, 0.332647, 0.0718679999999999, 7, 212, 4
93, 154, 110, 0.15466, 0.054596, 7, 43, 7
142, 418, 107, 0.577289, 0.123117, 7, 39, 4
97, 172, 388, 0.159866, 0.010342, 7, 136, 45
291, 2044, 112, 3.508986, 0.001244, 7, 48, 3
186, 406, 258, 0.445968, 0.179455, 7, 84, 11
195, 523, 253, 0.6503, 0.441261, 7, 51, 2
60, 75, 77, 0.100032, 0.056067, 7, 25, 4
215, 869, 69, 1.344385, 0.143433, 5, 16, 0
33, 51, 41, 0.027804, 0.000561, 5, 15, 0
96, 154, 175, 0.098647, 0.016758, 7, 71, 2
191, 527, 612, 0.657779, 0.482446, 7, 210, 51
198, 619, 251, 0.912784, 0.302142, 7, 74, 14
167, 468, 230, 0.620077, 0.146025, 7, 81, 6
247, 867, 327, 1.339246, 0.335533, 7, 107, 16
302, 2505, 396, 4.64257, 0.827291, 7, 107, 10
210, 418, 290, 0.512239, 0.361862, 7, 111, 10
27, 40, 36, 0.029101, 0.002635, 7, 18, 3
105, 189, 121, 0.193681, 0.203815, 7, 46, 7
81, 143, 190, 0.156001, 0.04741, 7, 58, 6
170, 611, 255, 0.877555, 0.05275, 7, 70, 4
294, 1555, 10000, 2.425635, 0.384934, 7, 3424, 13
164, 365, 65, 0.414012, 0.084024, 6, 25, 3
50, 59, 65, 0.017393, 0.206291, 7, 28, 7
117, 144, 1027, 0.054626, 0.039664, 7, 228, 177
97, 159, 141, 0.156093, 0.047114, 7, 32, 3
152, 307, 967, 0.347107, 0.527845, 7, 195, 2
271, 485, 430, 0.463187, 0.716401, 7, 122, 25
35, 48, 45, 0.0843839999999999, 0.003142, 6, 19, 1
71, 132, 87, 0.100576, 0.001261, 7, 32, 5
167, 466, 92, 0.571017, 0.297224, 7, 36, 10
303, 1212, 10000, 1.870506, 0.927335, 7, 3403, 6
231, 677, 544, 0.880736, 0.415711, 7, 145, 9
304, 1811, 383, 2.973969, 0.438954, 7, 114, 15
61, 94, 30, 0.044188, 0.000415, 7, 14, 2
158, 450, 225, 0.528487, 0.516228, 7, 72, 8
34, 40, 39, 0.012155, 0.000514, 6, 19, 6
206, 532, 74, 0.597803, 0.000972, 7, 31, 4
163, 432, 190, 0.522877, 0.014018, 7, 63, 7
194, 664, 10000, 0.942596, 0.314317, 7, 1466, 8
44, 59, 10000, 0.029274, 0.134029, 7, 3350, 4
218, 915, 325, 1.401925, 0.721992, 7, 51, 11
123, 166, 70, 0.093958, 0.151409, 7, 24, 8
10, 10, 15, 0.006798, 0.000216, 6, 7, 2
153, 223, 1226, 0.128589, 0.173812, 7, 303, 14
174, 235, 155, 0.164247, 0.062262, 7, 57, 3
114, 204, 168, 0.19306, 0.168086, 7, 51, 7
92, 146, 593, 0.089533, 0.25794, 7, 184, 6
303, 1268, 10000, 1.909871, 0.304121, 6, 157, 1
230, 993, 10000, 1.565432, 0.063994, 5, 2632, 1
49, 81, 552, 0.118871, 0.116233, 6, 117, 99
167, 551, 219, 0.752272, 0.174562, 7, 72, 7
116, 266, 854, 0.265329, 0.094881, 7, 201, 142
287, 1394, 10000, 2.233441, 0.148231, 7, 3301, 20
60, 94, 106, 0.102748, 0.100038, 7, 38, 2
155, 310, 218, 0.293637, 0.168493, 7, 70, 4
275, 1031, 278, 1.576971, 0.292142, 7, 86, 7
116, 209, 22, 0.178281, 0.002294, 5, 7, 0
261, 1361, 564, 2.212803, 0.794461, 7, 125, 10
140, 413, 60, 0.512789, 0.096406, 6, 19, 6
215, 1007, 178, 1.553399, 0.191529, 7, 60, 3
268, 870, 10000, 1.237362, 0.574555, 7, 2102, 11
60, 76, 78, 0.037275, 0.070031, 7, 25, 2
60, 79, 105, 0.036964, 0.2045, 7, 43, 10
249, 880, 10000, 1.25576, 0.240771, 4, 2121, 0
150, 305, 59, 0.342384, 0.00063, 7, 26, 5
33, 48, 46, 0.036845, 0.000957, 5, 21, 0
152, 208, 216, 0.134979, 0.29982, 7, 52, 13
18, 25, 24, 0.078281, 0.000225, 7, 15, 2
196, 575, 10000, 0.769777, 0.344397, 7, 3423, 3326
152, 240, 201, 0.189637, 0.255094, 6, 57, 9
119, 251, 176, 0.33074, 0.126739, 6, 37, 4
87, 168, 146, 0.17288, 0.113057, 7, 50, 1
18, 24, 24, 0.019756, 0.000309, 5, 10, 0
73, 150, 449, 0.213956, 0.709787, 7, 82, 10
106, 291, 116, 0.399072, 0.014705, 7, 24, 3
262, 827, 1439, 1.189995, 0.646312, 7, 268, 5
258, 876, 408, 1.374797, 0.771872, 7, 133, 9
52, 68, 71, 0.024943, 0.048475, 7, 31, 2
93, 146, 130, 0.080326, 0.004039, 7, 49, 4
210, 801, 209, 1.213948, 0.395783, 7, 50, 15
308, 2188, 535, 3.829543, 0.917207, 7, 174, 8
166, 450, 228, 0.578306, 0.097875, 7, 67, 5
304, 1260, 397, 1.958708, 0.51588, 7, 86, 11
223, 701, 301, 0.982141, 0.125833, 7, 91, 5
127, 331, 9, 0.447606, 0.000311, 6, 5, 4
20, 30, 24, 0.020525, 0.000532, 7, 13, 3
303, 1583, 843, 2.658353, 0.173405, 7, 227, 10
74, 143, 88, 0.097712, 0.003297, 7, 43, 2
75, 112, 363, 0.114941, 0.023611, 7, 91, 4
205, 496, 650, 0.53763, 0.233776, 7, 139, 9
285, 860, 338, 1.130588, 0.790057, 7, 104, 9
199, 615, 247, 0.869401, 0.291194, 7, 91, 6
33, 59, 44, 0.038005, 0.008316, 7, 23, 1
66, 117, 78, 0.139811, 0.048733, 7, 27, 4
152, 246, 227, 0.194453, 0.406648, 7, 76, 10
220, 741, 10000, 1.088172, 0.401222, 7, 2570, 6
92, 152, 113, 0.161477, 0.10706, 7, 37, 10
49, 83, 58, 0.11665, 0.004442, 7, 27, 3
282, 1559, 213, 2.536484, 0.25539, 7, 81, 11
59, 97, 34, 0.061839, 0.015669, 6, 16, 4
281, 809, 51, 1.238496, 0.000756, 7, 21, 5
184, 492, 10000, 0.677978, 0.0958429999999999, 7, 3371, 14
49, 64, 66, 0.109816, 0.000993, 7, 28, 7
157, 267, 875, 0.231985, 0.391857, 7, 191, 123
249, 1150, 326, 1.903471, 0.733496, 7, 53, 7
72, 94, 89, 0.038732, 0.132933, 7, 28, 5
158, 236, 10000, 0.204092, 0.079384, 6, 3398, 3
38, 47, 48, 0.021699, 0.004812, 6, 19, 6
98, 205, 10000, 0.237179, 0.176763, 7, 3342, 6
222, 943, 10000, 1.444339, 0.131634, 5, 3431, 0
65, 80, 160, 0.090363, 0.162718, 7, 37, 7
229, 1015, 321, 1.600423, 0.495623, 7, 116, 9
81, 99, 946, 0.032916, 0.077197, 7, 223, 115
136, 289, 205, 0.392284, 0.064662, 7, 76, 16
62, 101, 82, 0.135662, 0.079947, 6, 23, 3
234, 1097, 10000, 1.880372, 0.462244, 7, 3413, 3313
86, 126, 10000, 0.123476, 0.10682, 7, 2531, 3
18, 21, 24, 0.011825, 0.000201, 6, 10, 1
181, 335, 153, 0.306079, 0.237837, 7, 44, 4
221, 572, 467, 0.783755, 0.014862, 6, 42, 4
206, 523, 1647, 0.673058, 0.374057, 7, 483, 13
124, 271, 486, 0.439912, 0.143852, 7, 186, 8
140, 275, 128, 0.483604, 0.108174, 6, 34, 3
68, 118, 110, 0.082795, 0.068514, 7, 46, 7
227, 729, 1175, 1.076067, 0.297156, 7, 81, 6
70, 118, 85, 0.081382, 0.009537, 7, 37, 3
46, 68, 158, 0.03117, 0.19578, 7, 52, 4
181, 493, 692, 0.592585, 0.227781, 7, 84, 4
162, 455, 421, 0.553429, 0.18466, 7, 121, 7
112, 278, 184, 0.284935, 0.222367, 7, 42, 3
219, 654, 333, 0.949452, 0.506936, 7, 116, 11
10, 14, 12, 0.019902, 0.000147, 5, 7, 1
189, 481, 34, 0.700013, 0.049844, 6, 7, 1
306, 2204, 653, 3.819972, 0.565427, 7, 138, 32
283, 1928, 10000, 3.615151, 0.69958, 7, 3367, 8
95, 155, 143, 0.157524, 0.115575, 7, 47, 7
171, 403, 574, 0.497838, 0.283009, 7, 160, 60
128, 222, 107, 0.206086, 0.200154, 7, 45, 16
256, 859, 2779, 1.26739, 0.213467, 7, 1099, 7
152, 440, 10000, 0.614887, 0.278539, 7, 3314, 4
267, 970, 10000, 1.417893, 0.25829, 7, 1768, 5
24, 29, 36, 0.014519, 0.00074, 6, 15, 2
232, 707, 443, 0.937465, 0.75509, 7, 106, 7
206, 702, 10, 1.034338, 0.00029, 6, 7, 3
264, 1328, 324, 2.322897, 0.491429, 7, 83, 5
271, 1691, 10000, 3.030808, 0.249079, 6, 2606, 3
26, 32, 36, 0.011865, 0.000602, 7, 16, 2
229, 830, 10000, 1.381054, 0.402478, 7, 1297, 5
12, 12, 14, 0.007972, 0.002792, 6, 7, 2
214, 600, 914, 0.789424, 0.736264, 7, 254, 6
43, 56, 206, 0.029081, 0.265119, 7, 51, 40
210, 851, 495, 1.340036, 0.289989, 7, 134, 11
247, 777, 539, 1.137279, 0.288996, 7, 144, 10
81, 115, 10000, 0.048539, 0.195669, 6, 3340, 3
98, 143, 163, 0.074455, 0.105559, 7, 45, 9
114, 183, 173, 0.113563, 0.070584, 7, 73, 6
257, 1311, 10000, 2.204011, 0.364297, 7, 2609, 4
101, 167, 147, 0.111297, 0.002509, 7, 35, 7
78, 124, 122, 0.120691, 0.089013, 7, 35, 7
140, 365, 233, 0.431205, 0.028484, 7, 88, 8
224, 709, 10000, 0.993631, 0.369307, 7, 3428, 3
229, 565, 328, 0.71143, 0.479098, 7, 67, 7
270, 1027, 432, 1.71497, 0.74354, 7, 104, 13
280, 1147, 921, 1.791433, 0.249113, 7, 142, 10
298, 1045, 198, 1.564204, 0.05803, 7, 57, 5
189, 442, 10000, 0.528061, 0.164767, 7, 3405, 4
15, 18, 16, 0.021153, 0.000533, 6, 5, 2
71, 105, 144, 0.056817, 0.002269, 7, 49, 7
262, 1084, 10000, 1.868439, 0.151143, 6, 3406, 8
259, 1072, 382, 1.815588, 0.841765, 7, 113, 5
236, 604, 330, 0.779352, 0.193658, 7, 113, 14
146, 376, 238, 0.483446, 0.109241, 7, 83, 6
68, 89, 191, 0.10224, 0.100591, 7, 52, 11
113, 170, 10000, 0.091782, 0.140096, 7, 3335, 7
49, 82, 46, 0.055561, 0.047831, 6, 21, 2
113, 159, 175, 0.0831, 0.074957, 7, 37, 9
273, 1146, 31, 2.010759, 0.112911, 6, 14, 1
13, 13, 18, 0.006499, 0.00028, 6, 7, 3
172, 309, 10000, 0.30961, 0.119079, 7, 2585, 29
87, 145, 252, 0.152092, 0.004749, 7, 39, 5
95, 167, 137, 0.165283, 0.013036, 7, 40, 6
34, 44, 10000, 0.023374, 0.124851, 3, 14, 1
168, 736, 153, 1.252237, 0.34742, 6, 41, 0
241, 731, 325, 1.044408, 0.075706, 7, 108, 8
90, 173, 199, 0.181765, 0.04537, 7, 67, 6
228, 700, 54, 1.028653, 0.003, 7, 14, 4
213, 737, 10000, 1.161974, 0.204931, 7, 106, 8
129, 271, 10000, 0.291168, 0.212975, 7, 2549, 7
295, 1007, 4967, 1.550016, 0.778734, 7, 939, 71
73, 124, 88, 0.136007, 0.015085, 7, 35, 4
37, 46, 46, 0.020878, 0.000893, 6, 21, 2
52, 64, 69, 0.07724, 0.110878, 7, 20, 2
64, 87, 82, 0.048695, 0.008967, 6, 23, 3
20, 29, 26, 0.014413, 0.002445, 5, 12, 0
58, 75, 329, 0.085266, 0.016543, 7, 116, 3
183, 487, 212, 0.536625, 0.286316, 7, 70, 9
34, 45, 44, 0.023245, 0.094069, 7, 18, 4
14, 23, 17, 0.02221, 0.000131, 5, 8, 0
262, 1100, 746, 1.817489, 0.328476, 7, 168, 11
91, 157, 35, 0.109206, 0.000465, 6, 14, 2
37, 62, 47, 0.048002, 0.000818, 6, 19, 2
159, 416, 209, 0.527118, 0.169378, 7, 62, 6
195, 547, 23, 0.720148, 0.011429, 6, 11, 2
293, 1432, 451, 2.494887, 0.645735, 7, 87, 15
48, 76, 58, 0.048121, 0.00158, 6, 28, 2
196, 659, 22, 0.943888, 0.000339, 6, 12, 3
280, 1580, 10000, 2.710298, 0.242773, 6, 3451, 3312
125, 204, 20, 0.12644, 0.000287, 6, 9, 2
33, 40, 39, 0.017322, 0.000425, 6, 18, 5
212, 604, 423, 0.800813, 0.430022, 7, 116, 9
212, 793, 265, 1.193682, 0.764674, 7, 118, 13
256, 1067, 123, 1.759523, 0.618358, 7, 33, 4
46, 62, 57, 0.025898, 0.121752, 7, 26, 4
262, 1112, 346, 1.814485, 0.443418, 7, 88, 3
204, 631, 740, 1.049793, 0.203223, 7, 224, 12
282, 2044, 1151, 3.721107, 0.369075, 7, 55, 2
226, 497, 300, 0.581592, 0.712319, 7, 106, 7
198, 453, 10000, 0.518039, 0.414067, 7, 832, 738
266, 1084, 921, 1.656686, 0.615933, 7, 233, 4
72, 86, 168, 0.024421, 0.167003, 7, 53, 9
244, 859, 859, 1.185144, 0.209911, 7, 243, 13
28, 38, 38, 0.021255, 0.000463, 6, 13, 3
204, 571, 145, 0.73301, 0.213957, 7, 35, 11
72, 106, 93, 0.046392, 0.001755, 7, 33, 6
283, 978, 10000, 1.354954, 0.17742, 6, 134, 0
132, 262, 643, 0.269359, 0.023543, 7, 91, 48
130, 290, 481, 0.286154, 0.160971, 7, 165, 3
238, 553, 295, 0.663204, 0.381218, 7, 72, 11
81, 99, 55, 0.030691, 0.000815, 6, 23, 6
248, 609, 310, 0.738478, 0.219047, 7, 105, 16
17, 20, 20, 0.009578, 0.00055, 6, 11, 4
124, 228, 285, 0.232225, 0.106839, 7, 102, 9
308, 1969, 206, 3.331077, 0.414694, 7, 77, 8
240, 955, 187, 1.389686, 0.244883, 7, 53, 9
252, 795, 10000, 1.049619, 0.824803, 7, 3354, 12
84, 144, 106, 0.103683, 0.01945, 6, 30, 3
261, 1048, 10000, 1.473422, 0.0798129999999999, 7, 3433, 2
213, 604, 1317, 0.795406, 0.199615, 7, 273, 5
192, 517, 10000, 0.673343, 0.252387, 7, 3369, 6
256, 664, 10000, 0.864458, 0.252225, 7, 3383, 6
13, 14, 18, 0.006099, 0.00031, 7, 10, 3
210, 489, 628, 0.581069, 0.183546, 7, 167, 86
175, 546, 234, 0.685679, 0.263361, 7, 74, 10
213, 526, 660, 0.674163, 0.161758, 7, 128, 3
278, 1742, 920, 2.907146, 2.083571, 7, 286, 10
89, 117, 10000, 0.077279, 0.22722, 7, 3370, 3329
182, 677, 227, 0.992751, 0.385757, 7, 80, 8
69, 128, 94, 0.162067, 0.005043, 7, 34, 6
213, 545, 306, 0.648887, 0.394218, 7, 78, 12
13, 15, 18, 0.008049, 0.000211, 6, 9, 2
125, 246, 10000, 0.251033, 0.276336, 7, 3344, 9
295, 1639, 166, 2.732816, 0.002909, 6, 34, 5
230, 994, 123, 1.494299, 0.166948, 7, 37, 3
219, 632, 431, 0.784346, 0.630833, 7, 69, 9
235, 761, 309, 1.095117, 1.112955, 7, 95, 8
254, 1102, 4, 1.814638, 0.000207, 4, 2, 1
63, 107, 76, 0.064014, 0.002948, 6, 31, 4
14, 17, 152, 0.008253, 0.004042, 6, 33, 1
185, 533, 10000, 0.70783, 0.114572, 6, 2566, 3
17, 21, 18, 0.010331, 0.000332, 7, 9, 3
123, 216, 1517, 0.143253, 0.94856, 7, 391, 10
246, 1043, 10000, 1.637335, 0.267625, 7, 120, 5
255, 908, 321, 1.354229, 0.32922, 7, 99, 11
190, 665, 10000, 0.937083, 0.129675, 7, 3401, 3
144, 331, 184, 0.39357, 0.123365, 7, 65, 9
127, 221, 96, 0.195148, 0.013339, 7, 28, 3
71, 112, 86, 0.0884499999999999, 0.001223, 7, 32, 5
184, 529, 104, 0.678239, 0.062684, 7, 39, 7
18, 26, 20, 0.010213, 0.000216, 6, 12, 2
261, 873, 10000, 1.262364, 0.405429, 7, 3397, 3291
113, 235, 351, 0.257086, 0.05915, 6, 132, 4
222, 974, 384, 1.47719, 0.726686, 7, 132, 11
105, 215, 10000, 0.171665, 0.288457, 7, 2534, 2490
101, 186, 827, 0.17477, 0.017963, 7, 323, 7
94, 163, 113, 0.17149, 0.0312, 7, 49, 21
155, 408, 2131, 0.496794, 0.192892, 7, 335, 4
276, 1011, 4474, 1.436936, 1.560423, 7, 628, 17
106, 151, 130, 0.077613, 0.048117, 7, 49, 5
246, 705, 237, 0.927969, 0.214672, 7, 89, 16
187, 605, 512, 0.797982, 0.137589, 7, 193, 9
47, 56, 59, 0.016243, 0.011955, 7, 20, 1
302, 1835, 10000, 3.095515, 0.101772, 6, 3471, 4
217, 1036, 10000, 1.610645, 0.077582, 7, 3424, 2
213, 596, 160, 0.796993, 0.055063, 7, 51, 10
214, 551, 188, 0.719078, 0.040741, 7, 50, 7
34, 46, 40, 0.031567, 0.00058, 7, 16, 4
61, 78, 77, 0.02771, 0.095535, 7, 26, 6
214, 785, 830, 1.169767, 0.347685, 7, 284, 39
233, 1108, 10000, 1.766424, 0.227519, 7, 3419, 3
200, 594, 10000, 0.770881, 0.192652, 7, 3406, 7
237, 817, 10000, 1.250763, 0.341693, 7, 2549, 5
267, 1245, 1991, 1.972475, 0.824637, 7, 453, 6
37, 47, 46, 0.066332, 0.052662, 7, 15, 3
132, 268, 20, 0.248156, 0.00046, 7, 12, 3
56, 81, 571, 0.035377, 0.081459, 6, 191, 1
282, 784, 529, 1.029508, 0.763378, 7, 134, 11
90, 164, 107, 0.19231, 0.097687, 7, 32, 2
101, 142, 124, 0.063037, 0.002318, 7, 34, 6
117, 250, 58, 0.240947, 0.000894999999999979, 5, 22, 0
184, 594, 44, 0.810087, 0.000782, 6, 13, 3
303, 1331, 10000, 2.080956, 0.129793, 5, 3467, 3
151, 332, 302, 0.342429, 0.290154, 7, 78, 5
195, 535, 10000, 0.721768, 0.244392, 7, 3345, 3248
269, 1311, 10000, 2.181538, 0.654279, 7, 1389, 5
46, 64, 58, 0.027585, 0.000537, 6, 23, 2
166, 500, 328, 0.599366, 0.372532, 7, 113, 11
26, 39, 35, 0.029966, 0.000463, 7, 13, 3
83, 133, 109, 0.164923, 0.004234, 7, 32, 7
243, 965, 659, 1.561929, 1.282855, 7, 144, 13
177, 495, 443, 0.682604, 0.300112, 7, 115, 3
268, 1411, 362, 2.28019, 0.304788, 7, 104, 12
286, 1135, 124, 1.667251, 0.099958, 7, 44, 7
23, 26, 23, 0.013421, 0.002363, 6, 11, 2
196, 438, 358, 0.503317, 0.235903, 7, 102, 6
51, 61, 239, 0.020629, 0.004173, 7, 51, 3
197, 544, 324, 0.706352, 0.863816, 7, 77, 7
59, 120, 75, 0.098745, 0.021337, 6, 23, 2
44, 72, 41, 0.053559, 0.011139, 7, 17, 4
150, 289, 16, 0.262333, 0.000339, 6, 7, 1
35, 43, 43, 0.015075, 0.000609, 7, 16, 4
64, 85, 56, 0.039663, 0.00042, 6, 18, 3
80, 146, 91, 0.149337, 0.068311, 7, 28, 9
260, 1231, 70, 1.906763, 0.158352, 7, 21, 3
73, 110, 84, 0.082201, 0.138203, 7, 22, 4
124, 245, 327, 0.251577, 0.08304, 7, 80, 18
210, 791, 69, 1.072903, 0.000982, 7, 16, 4
206, 503, 10000, 0.557673, 0.115111, 7, 137, 4
93, 164, 114, 0.121965, 0.117024, 7, 38, 3
18, 22, 23, 0.009427, 0.000303, 6, 10, 1
183, 490, 234, 0.629145, 0.193881, 7, 84, 8
137, 336, 86, 0.398546, 0.003202, 7, 33, 4
238, 656, 10000, 0.814912, 0.274519, 4, 3433, 3330
100, 189, 664, 0.200616, 0.202669, 7, 126, 6
194, 705, 236, 1.006677, 0.267569, 7, 63, 8
38, 47, 413, 0.02466, 0.211225, 7, 161, 4
160, 401, 977, 0.462163, 4.387682, 7, 218, 4
196, 500, 1108, 0.5757, 0.102311, 7, 215, 6
21, 33, 25, 0.026216, 0.000235, 6, 14, 2
282, 1351, 383, 2.131681, 0.729778, 7, 135, 9
149, 233, 632, 0.154394, 0.018333, 7, 157, 3
266, 1146, 10000, 1.832881, 0.064056, 4, 2641, 1
102, 233, 10000, 0.274774, 0.229264, 7, 3371, 3319
52, 97, 68, 0.067315, 0.000905, 7, 24, 1
221, 625, 679, 0.759346, 0.010993, 7, 119, 6
272, 763, 403, 0.983999, 0.007472, 7, 23, 6
30, 40, 35, 0.022107, 0.005205, 7, 15, 2
250, 878, 718, 1.246127, 2.385961, 7, 88, 9
148, 199, 201, 0.109989, 0.294424, 7, 58, 7
71, 97, 385, 0.040408, 0.006876, 7, 129, 5
177, 365, 10000, 0.413057, 0.333902, 7, 3368, 3301
87, 174, 920, 0.177692, 0.381242, 7, 224, 48
71, 134, 94, 0.085796, 0.146532, 7, 37, 11
179, 392, 256, 0.429971, 0.609003, 7, 79, 10
120, 332, 152, 0.39749, 0.007507, 7, 37, 3
299, 2136, 10000, 3.766596, 0.677124, 7, 2560, 117
72, 136, 10000, 0.18361, 0.13554, 7, 2519, 7
18, 23, 24, 0.012254, 0.000273, 6, 9, 1
191, 424, 235, 0.474875, 0.056016, 7, 60, 13
114, 242, 133, 0.243033, 0.025044, 7, 59, 7
132, 194, 675, 0.172228, 0.144459, 7, 243, 8
285, 1430, 10000, 2.240577, 0.243372, 7, 2620, 3
64, 96, 88, 0.069796, 0.005604, 7, 39, 6
241, 1009, 27, 1.568099, 0.000453, 7, 15, 6
189, 725, 390, 1.078845, 0.005948, 7, 122, 5
204, 579, 131, 0.716513, 0.048669, 7, 46, 6
125, 199, 99, 0.190014, 0.013466, 7, 33, 10
112, 301, 10000, 0.41149, 0.344188, 7, 71, 8
293, 645, 10000, 0.725293, 0.075911, 6, 3454, 1
216, 697, 273, 0.945514, 0.256202, 7, 50, 7
179, 691, 222, 1.046469, 0.073123, 7, 83, 9
285, 1675, 210, 2.769544, 0.607404, 7, 53, 5
206, 684, 77, 0.953657, 0.43955, 7, 25, 4
109, 216, 126, 0.229033, 0.028831, 7, 43, 7
288, 645, 388, 0.66613, 0.386945, 7, 129, 13
206, 812, 21, 1.167366, 0.000288, 6, 9, 2
25, 29, 36, 0.010133, 0.102305, 6, 12, 1
160, 326, 274, 0.307729, 0.560876, 7, 92, 5
289, 1184, 203, 1.854609, 0.069471, 7, 52, 7
189, 598, 275, 0.823652, 0.636083, 7, 86, 10
113, 205, 10000, 0.205634, 0.259223, 7, 56, 3
102, 222, 139, 0.238464, 0.0502, 7, 62, 11
233, 582, 10000, 0.757798, 0.334627, 7, 3315, 2
186, 543, 505, 0.688999, 0.100403, 7, 73, 12
152, 289, 205, 0.265952, 0.383204, 7, 62, 8
70, 99, 91, 0.054914, 0.236801, 7, 38, 10
111, 177, 145, 0.180707, 0.097681, 6, 53, 8
13, 14, 16, 0.006877, 0.000136, 4, 6, 0
306, 1941, 37, 3.554946, 0.331327, 7, 17, 4
33, 39, 46, 0.022204, 0.000658, 7, 20, 5
184, 514, 10000, 0.638615, 0.423647, 7, 92, 3
72, 128, 45, 0.087204, 0.000658, 7, 23, 5
76, 120, 10000, 0.070271, 0.177904, 7, 3363, 5
188, 515, 119, 0.594465, 0.144033, 7, 48, 9
240, 641, 37, 0.83148, 0.000602, 7, 16, 2
141, 384, 180, 0.505238, 0.079885, 7, 52, 11
308, 1167, 380, 1.75418, 0.062607, 7, 107, 9
243, 771, 1533, 1.118043, 1.705789, 7, 390, 28
260, 1091, 353, 1.679711, 0.793598, 7, 92, 11
175, 394, 233, 0.474121, 0.048796, 7, 78, 7
244, 757, 2344, 0.99509, 0.293476, 7, 485, 3
218, 503, 369, 0.656952, 0.419492, 7, 104, 12
153, 366, 675, 0.469954, 0.185853, 7, 143, 7
159, 280, 43, 0.252503, 0.000628, 6, 20, 4
194, 631, 677, 0.902491, 0.099931, 7, 159, 57
40, 53, 50, 0.023671, 0.098403, 6, 19, 2
183, 389, 228, 0.450329, 0.373269, 7, 52, 8
295, 1338, 533, 2.192464, 0.488242, 7, 119, 26
117, 238, 2585, 0.255336, 0.031811, 7, 1077, 262
23, 29, 28, 0.070152, 0.000334, 7, 10, 1
96, 164, 121, 0.126943, 0.032863, 7, 43, 2
247, 1118, 48, 1.813886, 0.000426, 7, 20, 3
85, 159, 744, 0.180338, 0.081187, 7, 168, 2
187, 654, 441, 0.974005, 0.407236, 7, 102, 6
178, 730, 61, 1.108283, 0.001079, 7, 24, 7
113, 232, 51, 0.249856, 0.000654, 7, 29, 4
170, 379, 10000, 0.393669, 0.267448, 7, 77, 11
265, 989, 1620, 1.529929, 0.356284, 7, 442, 252
85, 130, 147, 0.065026, 0.044613, 7, 56, 3
195, 395, 977, 0.417785, 0.316824, 7, 362, 162
47, 54, 63, 0.017941, 0.195375, 7, 24, 7
79, 153, 102, 0.162104, 0.053542, 7, 41, 2
115, 268, 121, 0.326369, 0.162125, 7, 47, 1
172, 435, 196, 0.534266, 0.215301, 7, 55, 5
258, 821, 10000, 1.161182, 0.693328, 7, 3350, 12
24, 30, 34, 0.013923, 0.000346, 7, 17, 3
56, 68, 79, 0.030011, 0.000939, 7, 26, 1
263, 1390, 642, 2.31439, 0.324819, 7, 147, 3
122, 291, 157, 0.30206, 0.002359, 7, 65, 5
35, 51, 45, 0.031805, 0.047417, 7, 19, 5
219, 702, 10000, 0.947019, 0.246948, 7, 2602, 5
172, 427, 148, 0.514086, 0.073086, 7, 38, 6
90, 136, 149, 0.124906, 0.01563, 7, 51, 5
270, 1133, 138, 1.789922, 0.08802, 7, 63, 9
196, 498, 252, 0.660201, 0.136544, 7, 78, 8
303, 1569, 823, 2.504721, 1.361569, 7, 163, 13
264, 1437, 89, 2.489173, 0.180842, 7, 33, 4
92, 144, 113, 0.115781, 0.010952, 7, 32, 1
192, 713, 10000, 1.247005, 0.505082, 7, 3354, 3278
97, 160, 132, 0.102686, 0.112025, 7, 54, 3
53, 68, 67, 0.025785, 0.000852, 6, 28, 2
296, 748, 782, 0.996968, 0.446478, 7, 196, 9
120, 231, 149, 0.225669, 0.007887, 7, 57, 6
203, 714, 10000, 1.132362, 0.428557, 7, 3306, 3191
17, 27, 19, 0.077897, 0.000218, 5, 10, 0
309, 1621, 10000, 2.542002, 0.564937, 7, 2441, 3
266, 1498, 358, 2.478494, 0.156735, 7, 127, 8
224, 803, 10000, 1.210154, 0.57505, 7, 99, 13
15, 15, 21, 0.008628, 0.000515, 6, 9, 4
26, 41, 19, 0.093442, 0.000218, 6, 8, 1
139, 231, 267, 0.153603, 0.201806, 7, 82, 8
248, 1163, 481, 1.88398, 0.823233, 7, 117, 8
278, 1276, 1639, 2.034946, 0.482151, 7, 347, 6
110, 179, 153, 0.128064, 0.169527, 7, 35, 3
81, 115, 10000, 0.049011, 0.229647, 6, 3390, 3332
116, 269, 58, 0.332995, 0.000463, 7, 22, 4
296, 1720, 140, 3.020889, 0.826742, 7, 47, 9
33, 46, 767, 0.023476, 0.113864, 6, 306, 2
178, 457, 10000, 0.52905, 0.076555, 7, 3404, 4
159, 274, 10000, 0.261841, 0.382885, 7, 73, 9
94, 136, 118, 0.105446, 0.111969, 7, 40, 9
27, 31, 36, 0.010196, 0.152608, 6, 11, 1
194, 639, 252, 0.923672, 0.177692, 7, 97, 10
130, 238, 163, 0.222482, 0.068805, 7, 46, 8
123, 316, 10000, 0.335549, 0.450377, 7, 3330, 3282
66, 92, 29, 0.038355, 0.000317, 7, 13, 2
193, 474, 282, 0.542927, 0.269874, 7, 92, 9
225, 490, 77, 0.550553, 0.130349, 7, 35, 6
214, 839, 563, 1.326272, 0.404409, 7, 84, 8
71, 92, 10000, 0.102683, 0.182118, 7, 160, 2
27, 34, 36, 0.016826, 0.002727, 6, 10, 4
49, 64, 62, 0.021761, 0.111549, 6, 29, 7
245, 721, 325, 0.932629, 0.478784, 7, 95, 10
134, 275, 17, 0.279369, 0.000284, 7, 7, 2
289, 1219, 530, 1.899612, 1.291571, 7, 118, 41
264, 1219, 847, 1.903222, 0.748524, 7, 101, 38
253, 737, 412, 0.984609, 0.43261, 7, 135, 7
163, 330, 241, 0.323371, 0.288587, 7, 76, 13
157, 385, 279, 0.388792, 0.205677, 7, 53, 12
185, 457, 10000, 0.555722, 0.379513, 7, 3368, 4
202, 780, 143, 1.135366, 0.017725, 7, 43, 5
294, 1142, 672, 1.709555, 0.241239, 7, 234, 82
38, 46, 54, 0.015325, 0.000734, 6, 23, 3
142, 457, 169, 0.649055, 0.096232, 7, 62, 8
299, 1157, 672, 1.805566, 0.644382, 7, 75, 9
165, 373, 171, 0.535013, 0.071518, 7, 54, 5
80, 162, 103, 0.241291, 0.005642, 7, 46, 2
271, 1114, 10000, 2.136034, 0.256101, 7, 118, 9
225, 497, 15, 0.531203, 0.000303, 6, 6, 2
75, 103, 108, 0.054682, 0.336962, 7, 34, 4
18, 19, 25, 0.011064, 0.000467, 7, 13, 6
33, 48, 38, 0.02105, 0.000965, 7, 14, 2
281, 1130, 1004, 1.843545, 0.314526, 7, 280, 10
206, 655, 123, 1.077602, 0.001988, 7, 35, 5
63, 83, 78, 0.103629, 0.012819, 7, 37, 7
64, 95, 81, 0.056292, 0.011964, 7, 29, 3
69, 80, 89, 0.028209, 0.161079, 7, 28, 4
250, 876, 308, 1.279707, 0.555431, 7, 108, 3
98, 194, 573, 0.205643, 0.031907, 7, 222, 6
11, 12, 10, 0.006635, 0.001119, 5, 5, 1
211, 537, 257, 0.726051, 0.780844, 7, 95, 17
232, 1037, 10000, 1.866011, 0.44961, 7, 3354, 1613
92, 137, 10000, 0.157682, 0.063843, 7, 2039, 1
90, 118, 127, 0.136138, 0.198544, 7, 34, 3
125, 294, 242, 0.357447, 0.021121, 7, 66, 5
267, 1362, 963, 2.307104, 0.323759, 7, 360, 7
245, 840, 311, 1.173673, 0.249952, 7, 88, 11
13, 18, 18, 0.009671, 8.2e-05, 5, 9, 0
265, 724, 43, 0.900615, 0.000554, 6, 16, 3
141, 351, 31, 0.437349, 0.000463, 7, 14, 4
163, 351, 1660, 0.437962, 0.377828, 7, 642, 7
296, 1501, 10000, 2.352315, 0.59839, 7, 93, 9
294, 1009, 10000, 1.536546, 0.694093, 7, 2868, 7
111, 189, 84, 0.134197, 0.001491, 7, 28, 4
181, 519, 683, 0.642197, 0.107551, 7, 234, 11
182, 426, 657, 0.52179, 0.333283, 7, 221, 3
291, 1161, 607, 1.828319, 1.127603, 7, 129, 18
184, 516, 1089, 0.745215, 0.393929, 7, 347, 8
212, 775, 10000, 1.174742, 0.253758, 7, 2074, 4
205, 341, 264, 0.299648, 0.577948, 7, 89, 1
133, 321, 10000, 0.405018, 0.410371, 7, 3320, 3282
307, 1477, 10000, 2.69331, 1.345666, 7, 227, 9
179, 322, 953, 0.297784, 0.272096, 7, 214, 9
175, 336, 246, 0.425018, 0.277736, 7, 61, 9
80, 177, 996, 0.223339, 0.092783, 7, 212, 11
33, 45, 41, 0.021477, 0.000567, 6, 20, 3
20, 26, 26, 0.008855, 0.000336, 6, 10, 1
151, 302, 192, 0.323298, 0.082841, 7, 57, 7
96, 173, 14, 0.182192, 0.000383, 6, 6, 3
56, 87, 67, 0.121718, 0.001152, 7, 26, 12
82, 141, 107, 0.103093, 0.218125, 7, 33, 6
132, 260, 99, 0.271099, 0.023993, 7, 35, 6
234, 939, 10000, 1.419515, 0.288764, 7, 1330, 8
185, 617, 10000, 0.94607, 0.292955, 7, 3380, 5
274, 1334, 365, 2.117667, 0.925344, 7, 91, 12
91, 122, 118, 0.054297, 0.001687, 7, 31, 8
76, 153, 992, 0.195631, 0.106916, 7, 39, 6
148, 400, 188, 0.534782, 0.221422, 7, 72, 7
202, 704, 10000, 1.109658, 0.310619, 7, 76, 4
61, 91, 72, 0.054932, 0.002191, 6, 16, 1
104, 198, 220, 0.208309, 0.0724779999999999, 7, 70, 5
192, 414, 10000, 0.519754, 0.294791, 7, 2538, 6
121, 327, 357, 0.384251, 0.1321, 7, 140, 4
262, 879, 2812, 1.325702, 0.836417, 7, 148, 11
122, 259, 158, 0.275756, 0.316757, 7, 53, 10
40, 55, 49, 0.0273519999999999, 0.007317, 7, 25, 8
253, 1066, 343, 1.925535, 0.108923, 7, 81, 8
129, 217, 10000, 0.169443, 0.270621, 6, 3401, 3325
153, 267, 138, 0.251702, 0.044292, 7, 51, 8
73, 138, 89, 0.127086, 0.191715, 7, 37, 3
64, 109, 82, 0.070143, 0.008251, 7, 32, 5
288, 1893, 382, 3.222534, 0.809246, 7, 103, 23
211, 576, 10000, 0.716037, 0.492129, 7, 1434, 11
14, 19, 16, 0.008492, 0.000228, 7, 10, 2
230, 843, 10000, 1.251045, 0.128594, 6, 3446, 0
18, 21, 27, 0.013843, 0.000431, 6, 13, 3
276, 1076, 10000, 1.644936, 0.232724, 7, 3438, 3317
191, 358, 10000, 0.33126, 0.338561, 7, 2583, 8
19, 21, 27, 0.010364, 0.000302, 6, 9, 1
35, 47, 222, 0.021317, 0.005582, 7, 54, 5
264, 842, 10000, 1.225892, 0.581845, 7, 3362, 56
192, 498, 240, 0.690811, 0.82817, 7, 64, 11
302, 2019, 893, 3.634362, 2.45883, 7, 143, 16
181, 633, 1229, 0.911234, 0.544487, 7, 277, 118
105, 197, 134, 0.19849, 0.169754, 7, 49, 6
185, 513, 150, 0.717056, 0.152159, 7, 42, 5
251, 893, 10000, 1.282041, 0.525378, 7, 2588, 8
147, 338, 178, 0.417968, 0.180874, 7, 57, 4
22, 27, 25, 0.011514, 0.002493, 7, 11, 2
40, 48, 51, 0.017997, 0.00308, 6, 21, 4
228, 600, 623, 0.860103, 0.0966279999999999, 7, 157, 19
45, 56, 10000, 0.107026, 0.071891, 6, 2516, 2
234, 729, 10000, 1.182269, 0.151293, 6, 2107, 4
15, 19, 20, 0.087545, 0.000269, 5, 9, 0
261, 807, 596, 1.17238, 1.058942, 7, 86, 10
95, 157, 127, 0.167376, 0.015359, 7, 43, 6
37, 49, 45, 0.021253, 0.000621, 7, 20, 5
199, 434, 247, 0.485912, 0.362756, 7, 83, 9
167, 383, 721, 0.43151, 0.591153, 7, 72, 16
230, 737, 10000, 1.097221, 0.515863, 7, 3349, 10
224, 828, 608, 1.218234, 0.221024, 7, 249, 4
294, 1595, 368, 2.672582, 0.825668, 7, 77, 15
227, 492, 10000, 0.56958, 0.287606, 6, 3368, 3273
214, 598, 279, 0.99547, 0.381989, 7, 75, 15
224, 1153, 10000, 1.835831, 0.351689, 7, 285, 7
179, 454, 10000, 0.626475, 0.174053, 3, 3434, 0
112, 301, 794, 0.322328, 0.09605, 7, 320, 5
210, 728, 880, 1.060785, 0.023494, 7, 179, 150
301, 1393, 474, 2.286961, 0.101202, 7, 130, 8
214, 360, 278, 0.284907, 0.507048, 7, 64, 12
91, 170, 484, 0.122872, 0.152026, 7, 108, 8
157, 270, 10000, 0.257239, 0.337698, 7, 4038, 3976
169, 561, 690, 0.856958, 0.329763, 7, 157, 3
233, 814, 601, 1.323189, 0.144336, 7, 182, 69
159, 379, 1084, 0.480668, 0.368107, 7, 414, 6
54, 60, 22, 0.021608, 0.008058, 7, 11, 6
301, 1418, 1985, 2.273455, 0.488917, 7, 561, 98
98, 129, 48, 0.071235, 0.014043, 7, 18, 5
232, 964, 5, 1.632459, 0.000198, 4, 2, 1
166, 310, 206, 0.367814, 0.176676, 7, 66, 8
192, 560, 685, 0.787946, 0.37545, 7, 69, 10
304, 2791, 10000, 5.443081, 0.08822, 6, 2660, 1
128, 209, 158, 0.192723, 0.179452, 6, 44, 1
168, 521, 10000, 0.715217, 0.33574, 7, 2898, 5
118, 294, 147, 0.312314, 0.12594, 7, 42, 6
246, 560, 365, 0.638879, 0.1711, 7, 97, 6
157, 418, 205, 0.527995, 0.136261, 7, 85, 7
221, 903, 10000, 1.387748, 0.199951, 7, 1788, 2
249, 1032, 132, 1.651789, 0.319538, 7, 33, 4
306, 1346, 904, 2.090697, 0.608423, 7, 209, 10
77, 139, 10000, 0.103348, 0.565648, 7, 3320, 3187
277, 1141, 51, 1.831792, 0.047803, 7, 19, 2
87, 154, 119, 0.159662, 0.118636, 7, 41, 8
227, 652, 471, 0.862899, 0.319408, 7, 127, 10
142, 291, 10000, 0.309989, 0.179391, 6, 3314, 1
126, 329, 10000, 0.431033, 0.06511, 7, 2545, 5
242, 646, 10000, 0.80653, 0.079272, 7, 3439, 4
146, 307, 193, 0.390657, 0.117629, 7, 77, 12
232, 837, 1696, 1.188712, 5.438614, 7, 199, 165
13, 13, 16, 0.007234, 0.000475, 5, 8, 4
36, 49, 41, 0.022133, 0.053376, 6, 12, 1
15, 20, 21, 0.010332, 0.000232, 6, 11, 1
287, 1619, 1506, 2.799655, 0.76939, 7, 398, 13
255, 809, 10000, 1.098298, 0.227672, 7, 1867, 353
238, 1035, 249, 1.903114, 0.003378, 7, 97, 4
243, 1133, 199, 1.948215, 0.734944, 7, 67, 4
75, 111, 99, 0.058259, 0.089769, 5, 39, 0
80, 125, 476, 0.122511, 0.050543, 7, 191, 6
40, 47, 53, 0.017591, 0.049051, 7, 18, 4
158, 374, 197, 0.454334, 0.203369, 7, 71, 14
188, 543, 244, 0.697731, 0.308513, 7, 108, 6
162, 548, 10000, 0.841418, 0.228041, 6, 3396, 2
249, 695, 10000, 0.91067, 0.31625, 7, 2603, 5
41, 60, 52, 0.025669, 0.15992, 7, 24, 1
294, 1299, 10000, 2.021014, 0.1716, 7, 3368, 7
109, 193, 134, 0.190025, 0.06958, 7, 38, 10
295, 1859, 390, 3.236751, 0.324361, 7, 88, 9
303, 1589, 10000, 2.704324, 0.237059, 7, 3453, 3325
116, 197, 10000, 0.167488, 0.081482, 4, 2563, 1
239, 661, 3531, 0.906459, 0.253337, 7, 732, 551
103, 195, 125, 0.199859, 0.060766, 7, 44, 6
243, 919, 312, 1.516762, 0.596969, 7, 96, 9
119, 243, 10000, 0.258616, 0.124185, 6, 3386, 2
40, 49, 51, 0.020398, 0.005008, 7, 19, 3
55, 70, 71, 0.07908, 0.003506, 7, 28, 4
146, 271, 336, 0.253067, 0.073258, 7, 85, 6
43, 54, 52, 0.017147, 0.110274, 6, 20, 4
267, 819, 402, 1.076606, 0.687447, 7, 118, 16
255, 836, 358, 1.258361, 0.551864, 7, 84, 17
145, 249, 182, 0.215134, 0.017733, 7, 40, 11
130, 252, 167, 0.272161, 0.190198, 7, 54, 11
308, 1763, 10000, 2.898531, 0.197385, 7, 2994, 1425
233, 900, 10000, 1.350344, 0.497393, 7, 91, 7
16, 16, 24, 0.007097, 0.054033, 6, 8, 2
16, 18, 21, 0.008925, 0.00068, 6, 8, 2
258, 850, 10000, 1.216165, 0.225026, 7, 3367, 10
236, 919, 141, 1.478187, 0.108244, 7, 49, 6
122, 161, 166, 0.067756, 0.134115, 7, 50, 8
65, 89, 86, 0.043556, 0.097533, 7, 39, 4
103, 214, 120, 0.179351, 0.066446, 7, 44, 5
171, 395, 10000, 0.497263, 0.307267, 7, 3145, 9
29, 39, 39, 0.018095, 0.000581, 7, 18, 3
62, 84, 83, 0.040615, 0.009287, 6, 31, 4
215, 679, 276, 0.905872, 0.242621, 7, 74, 18
215, 660, 10000, 0.903669, 0.161408, 7, 2606, 4
162, 450, 10000, 0.548378, 0.425443, 7, 2525, 4
125, 264, 474, 0.298149, 0.046047, 7, 126, 6
60, 77, 80, 0.031306, 0.00393, 7, 32, 4
78, 114, 81, 0.059485, 0.009274, 7, 33, 5
295, 1578, 779, 2.602998, 0.602173, 7, 80, 20
165, 371, 10000, 0.378903, 0.26086, 7, 1713, 1650
56, 91, 75, 0.06029, 0.00632, 6, 28, 5
62, 101, 76, 0.073429, 0.007088, 7, 33, 4
52, 64, 59, 0.026562, 0.052558, 7, 19, 1
271, 1049, 365, 1.618547, 0.546023, 7, 110, 11
94, 137, 13, 0.076333, 0.000277, 5, 5, 0
299, 1189, 10000, 1.886824, 0.94154, 7, 3358, 3259
102, 205, 129, 0.168384, 0.10986, 7, 49, 9
205, 831, 10000, 1.191035, 0.183697, 7, 4331, 1417
147, 286, 10000, 0.296365, 0.260428, 7, 55, 4
274, 790, 242, 1.036688, 0.279028, 7, 52, 5
201, 771, 10000, 1.186965, 0.255493, 7, 128, 10
128, 268, 162, 0.261698, 0.096778, 7, 58, 9
109, 204, 134, 0.201527, 0.05019, 7, 51, 10
96, 172, 118, 0.183189, 0.008886, 7, 37, 5
46, 60, 58, 0.030972, 0.106945, 7, 20, 2
48, 64, 59, 0.026451, 0.005222, 7, 25, 5
151, 274, 407, 0.242018, 0.248945, 7, 94, 5
38, 62, 10000, 0.03375, 0.230332, 7, 3344, 3324
270, 1530, 30, 2.473838, 0.260269, 7, 11, 2
292, 1489, 403, 2.371603, 0.94602, 7, 77, 12
237, 1158, 10000, 1.834275, 0.153828, 7, 2582, 7
173, 305, 664, 0.285899, 0.028585, 7, 223, 3
307, 1405, 10000, 2.266363, 0.121658, 6, 4150, 2001
217, 866, 634, 1.321257, 0.419848, 7, 149, 9
18, 22, 25, 0.010186, 0.000371, 6, 11, 2
140, 274, 179, 0.338349, 0.095849, 7, 62, 7
301, 1952, 7, 3.289121, 0.000316, 4, 2, 1
168, 375, 989, 0.382825, 0.120036, 7, 90, 9
201, 490, 144, 0.534608, 0.071348, 7, 42, 9
262, 1037, 10000, 1.632692, 1.072393, 7, 2560, 16
12, 16, 17, 0.006978, 0.000208, 6, 11, 1
237, 580, 10000, 0.688653, 0.405202, 7, 3344, 3257
289, 1163, 131, 1.783997, 0.069, 7, 45, 6
299, 1893, 209, 3.293485, 0.014538, 7, 86, 11
142, 262, 173, 0.245918, 0.091741, 7, 50, 11
12, 16, 14, 0.010538, 0.000169, 5, 7, 1
172, 683, 10000, 1.010128, 0.078632, 6, 3438, 1111
158, 320, 212, 0.373996, 0.10894, 7, 73, 10
254, 876, 914, 1.336801, 0.317376, 7, 328, 12
252, 1111, 308, 1.734864, 0.691353, 7, 110, 9
254, 1248, 10000, 2.103563, 0.339715, 7, 726, 5
242, 897, 520, 1.363915, 0.329837, 7, 105, 5
186, 485, 700, 0.606891, 0.05069, 7, 158, 12
144, 380, 186, 0.48773, 0.625754, 7, 60, 9
288, 920, 10000, 1.390895, 0.6012, 7, 3374, 3248
91, 166, 96, 0.171365, 0.036684, 7, 48, 5
45, 61, 64, 0.042055, 0.186585, 6, 22, 5
300, 1030, 420, 1.49809, 0.811675, 7, 94, 12
230, 737, 1763, 1.000524, 0.437367, 7, 360, 11
32, 41, 31, 0.019009, 0.000699, 6, 15, 5
86, 111, 108, 0.104077, 0.006616, 7, 42, 4
198, 376, 899, 0.338245, 0.764722, 7, 161, 8
86, 153, 198, 0.162096, 0.057402, 7, 71, 5
236, 1057, 35, 1.653751, 0.000738, 6, 13, 5
125, 209, 275, 0.143099, 0.199296, 7, 69, 10
75, 122, 94, 0.137147, 0.009853, 7, 40, 10
61, 125, 126, 0.100398, 0.078278, 7, 46, 3
22, 25, 20, 0.016467, 0.00238, 6, 12, 3
69, 133, 214, 0.117074, 0.1011, 6, 88, 5
43, 51, 60, 0.017742, 0.041283, 7, 26, 4
258, 1509, 66, 2.532515, 0.001408, 7, 28, 3
145, 305, 192, 0.314646, 0.284857, 7, 64, 9
93, 199, 154, 0.215969, 0.080885, 7, 51, 3
294, 960, 857, 1.355891, 0.724558, 7, 100, 11
112, 290, 135, 0.394611, 0.097263, 7, 58, 2
113, 181, 562, 0.113815, 0.138488, 7, 140, 9
277, 1277, 10000, 2.082232, 0.856972, 7, 2576, 7
182, 422, 892, 0.480974, 0.519802, 7, 235, 64
220, 754, 286, 1.204471, 0.531736, 7, 107, 10
35, 41, 41, 0.016165, 0.001453, 6, 19, 6
203, 802, 261, 1.302928, 0.504833, 7, 100, 7
105, 158, 132, 0.081844, 0.065886, 7, 48, 6
122, 191, 10000, 0.175657, 0.077171, 6, 2335, 3
274, 952, 10000, 1.326699, 0.629839, 7, 3319, 5
150, 249, 180, 0.213487, 0.283498, 7, 82, 14
192, 382, 21, 0.446973, 0.000327, 6, 9, 2
62, 90, 80, 0.112832, 0.134579, 7, 35, 5
59, 86, 10000, 0.050774, 0.147287, 7, 4174, 831
79, 111, 105, 0.068652, 0.360299, 7, 36, 8
304, 1019, 262, 1.582967, 0.319361, 7, 75, 4
80, 114, 140, 0.063655, 0.005017, 6, 40, 5
163, 369, 380, 0.428571, 0.077216, 7, 114, 5
309, 1577, 316, 2.613373, 0.91966, 7, 76, 9
65, 97, 20, 0.071249, 0.000411, 6, 10, 3
138, 319, 5, 0.395413, 0.000114, 3, 2, 0
163, 266, 10000, 0.245712, 0.460265, 7, 3319, 3265
17, 22, 26, 0.014339, 0.000246, 6, 12, 1
139, 277, 185, 0.277198, 0.513977, 7, 68, 7
47, 59, 58, 0.034912, 0.009666, 7, 22, 1
285, 1027, 1300, 1.602626, 1.023977, 7, 301, 8
253, 962, 249, 1.522838, 0.93117, 7, 66, 12
90, 181, 568, 0.169263, 0.165835, 7, 40, 7
216, 783, 270, 1.192553, 0.442839, 7, 93, 18
287, 1182, 10000, 1.854062, 0.822917, 7, 1883, 1759
77, 99, 112, 0.036028, 0.01351, 6, 39, 3
102, 200, 139, 0.151073, 0.006308, 7, 64, 7
142, 320, 10000, 0.307376, 0.312093, 7, 124, 6
276, 1602, 198, 2.757556, 1.018824, 7, 71, 5
234, 648, 609, 0.808783, 0.575819, 7, 88, 12
10, 13, 15, 0.007332, 0.000157, 6, 8, 1
171, 405, 238, 0.465533, 0.244167, 7, 73, 8
288, 1802, 117, 3.018114, 0.005622, 7, 43, 16
229, 871, 804, 1.281245, 0.244997, 7, 106, 14
237, 690, 1070, 0.836495, 0.299535, 7, 388, 14
95, 139, 115, 0.07279, 0.079017, 6, 27, 3
50, 69, 54, 0.039252, 0.100365, 7, 24, 3
259, 1263, 28, 2.090261, 0.020309, 4, 8, 0
178, 359, 304, 0.340478, 0.177718, 7, 122, 11
262, 1180, 344, 1.84394, 0.553351, 7, 77, 13
28, 43, 36, 0.036108, 0.00053, 7, 20, 7
245, 578, 480, 0.748716, 0.754024, 7, 120, 11
306, 1216, 72, 1.854285, 0.004523, 7, 28, 5
221, 820, 10000, 1.267853, 0.411237, 7, 3404, 3282
155, 320, 198, 0.305452, 0.048891, 7, 68, 6
116, 209, 74, 0.188594, 0.031034, 7, 29, 6
79, 107, 120, 0.0461299999999999, 0.170676, 7, 41, 5
247, 890, 10000, 1.297463, 0.125857, 7, 2611, 4
274, 1265, 286, 2.069292, 0.191204, 7, 88, 9
201, 437, 294, 0.480224, 0.221064, 7, 103, 10
161, 376, 479, 0.393885, 0.349899, 7, 75, 4
243, 629, 544, 0.750933, 0.688843, 7, 74, 21
51, 62, 62, 0.018522, 0.004613, 7, 21, 4
182, 462, 73, 0.541709, 0.027065, 7, 32, 5
47, 65, 33, 0.108068, 0.05237, 7, 13, 2
74, 97, 64, 0.04467, 0.05947, 6, 23, 7
166, 517, 52, 0.706469, 0.125757, 7, 21, 2
211, 583, 108, 0.764088, 0.153881, 7, 41, 11
132, 355, 939, 0.496659, 0.543037, 7, 175, 11
243, 847, 10000, 1.300085, 0.325777, 7, 2077, 12
144, 361, 10000, 0.451991, 0.074439, 7, 2549, 5
124, 223, 165, 0.215832, 0.20701, 7, 57, 11
289, 1822, 10000, 3.077752, 0.731439, 7, 2096, 1976
251, 1113, 1163, 1.81968, 0.708516, 7, 237, 17
16, 17, 23, 0.008487, 0.002678, 7, 12, 4
185, 707, 233, 1.029744, 0.666912, 7, 63, 5
74, 121, 97, 0.078123, 0.054346, 7, 33, 6
206, 466, 271, 0.514667, 0.447341, 7, 81, 5
171, 452, 328, 0.607113, 0.23818, 7, 108, 11
76, 116, 99, 0.128754, 0.018042, 7, 34, 5
261, 689, 10000, 0.902576, 0.609822, 7, 4250, 7
88, 129, 125, 0.125786, 0.256231, 7, 34, 5
23, 28, 25, 0.015382, 0.000394, 6, 11, 4
62, 97, 78, 0.062351, 0.000894, 7, 42, 10
85, 114, 103, 0.037534, 0.11057, 7, 44, 7
23, 25, 29, 0.014535, 0.014892, 6, 9, 4
61, 106, 78, 0.078563, 0.000959, 7, 37, 9
18, 20, 26, 0.009555, 0.003807, 6, 12, 3
169, 575, 205, 0.896038, 0.17861, 7, 64, 12
224, 895, 77, 1.400782, 0.182627, 7, 40, 6
37, 42, 43, 0.014322, 0.000746, 7, 14, 3
62, 95, 85, 0.052348, 0.004326, 7, 46, 5
98, 188, 137, 0.2021, 0.001681, 7, 48, 6
23, 23, 31, 0.008674, 0.051068, 6, 10, 4
45, 59, 59, 0.082115, 0.10827, 6, 19, 1
157, 312, 39, 0.311126, 0.004162, 7, 20, 5
92, 142, 102, 0.099735, 0.003505, 7, 37, 11
89, 122, 1259, 0.058904, 0.06759, 7, 340, 3
48, 59, 74, 0.020707, 0.000595, 7, 31, 4
221, 554, 66, 0.670695, 0.007997, 7, 28, 10
13, 14, 16, 0.008154, 0.000865, 6, 11, 5
20, 25, 45, 0.013285, 0.004405, 7, 15, 5
19, 22, 25, 0.008864, 0.000316, 7, 12, 4
50, 64, 68, 0.023742, 0.054807, 6, 32, 8
102, 167, 128, 0.156248, 0.058903, 7, 44, 9
40, 49, 70, 0.022451, 0.008219, 7, 23, 6
83, 104, 114, 0.043409, 0.102735, 7, 34, 15
300, 2080, 10000, 3.679224, 0.901133, 7, 2056, 1812
118, 214, 162, 0.156574, 0.00615, 7, 42, 8
258, 763, 10000, 0.987127, 0.304627, 7, 2578, 5
232, 725, 50, 1.05759, 0.001704, 7, 22, 4
147, 293, 1213, 0.271536, 0.125426, 7, 308, 5
121, 259, 422, 0.25878, 0.135008, 7, 97, 12
40, 54, 54, 0.025814, 0.002696, 7, 23, 4
35, 43, 40, 0.0220399999999999, 0.001776, 7, 15, 4
236, 738, 10000, 0.98039, 0.241657, 7, 3364, 22
279, 1431, 130, 2.470451, 0.016539, 7, 49, 6
148, 366, 203, 0.458128, 0.475056, 7, 76, 7
47, 81, 54, 0.053642, 0.063959, 7, 25, 7
75, 96, 10000, 0.092358, 0.126604, 7, 35, 6
271, 1354, 10000, 2.226428, 0.587295, 6, 3403, 8
70, 142, 10000, 0.122095, 0.122031, 2, 3373, 0
217, 1021, 10000, 1.5869, 0.47509, 7, 4078, 3
106, 188, 133, 0.181784, 0.250978, 7, 53, 6
184, 471, 10000, 0.561563, 0.378847, 7, 3351, 5
273, 892, 10000, 1.282916, 0.075382, 4, 3461, 3
234, 1035, 794, 1.629622, 0.428392, 7, 100, 16
131, 242, 10000, 0.212032, 0.181135, 7, 3311, 7
